network,geoname_id,registered_country_geoname_id,represented_country_geoname_id,is_anonymous_proxy,is_satellite_provider,postal_code,latitude,longitude,accuracy_radius
1.0.0.0/24,8349238,2077456,,0,0,5107,-34.7825,138.6106,100
1.0.1.0/24,1811017,1814991,,0,0,,24.4798,118.0819,50
1.0.2.0/23,1811017,1814991,,0,0,,24.4798,118.0819,50
1.0.4.0/22,2077456,2077456,,0,0,,-33.4940,143.2104,1000
1.0.8.0/21,1809935,1814991,,0,0,,23.1167,113.2500,50
1.0.16.0/20,1861060,1861060,,0,0,,35.6900,139.6900,500
1.0.32.0/19,1809935,1814991,,0,0,,23.1167,113.2500,50
1.0.64.0/23,1862415,1861060,,0,0,736-0086,34.3409,132.5311,50
1.0.66.0/24,1863018,1861060,,0,0,738-0054,34.3231,132.3117,50
1.0.67.0/24,1850147,1861060,,0,0,102-0082,35.6882,139.7532,5
1.0.68.0/23,1863018,1861060,,0,0,738-0013,34.3500,132.3333,20
1.0.70.0/23,1862415,1861060,,0,0,731-0125,34.4586,132.4630,20
1.0.72.0/23,1862415,1861060,,0,0,739-0313,34.4299,132.5910,20
1.0.74.0/24,1862415,1861060,,0,0,734-0003,34.3401,132.4439,20
1.0.75.0/25,1862415,1861060,,0,0,731-0122,34.4524,132.4782,20
1.0.75.128/25,1862415,1861060,,0,0,731-5143,34.3721,132.3469,20
1.0.76.0/22,1862415,1861060,,0,0,739-0313,34.4299,132.5910,20
1.0.80.0/22,1857550,1861060,,0,0,690-0826,35.4726,133.0679,5
1.0.84.0/23,1848277,1861060,,0,0,683-0009,35.4240,133.3594,100
1.0.86.0/24,1858311,1861060,,0,0,713-8103,34.5337,133.6546,20
1.0.87.0/24,1857550,1861060,,0,0,690-2102,35.4000,133.1167,100
1.0.88.0/23,1849892,1861060,,0,0,680-0001,35.5314,134.2118,5
1.0.90.0/23,1848276,1861060,,0,0,683-0831,35.4349,133.3587,20
1.0.92.0/23,1854383,1861060,,0,0,703-8241,34.6154,133.6852,200
1.0.94.0/23,1854383,1861060,,0,0,700-0011,34.6823,133.9235,5
1.0.96.0/22,1849892,1861060,,0,0,680-0012,35.5000,134.2333,100
1.0.100.0/22,1849890,1861060,,0,0,682-0721,35.4119,133.8125,20
1.0.104.0/23,1854383,1861060,,0,0,702-8035,34.5298,133.7390,20
1.0.106.0/23,1849892,1861060,,0,0,680-0012,35.5000,134.2333,100
1.0.108.0/22,1861084,1861060,,0,0,693-0051,35.3667,132.7333,100
1.0.112.0/22,1848277,1861060,,0,0,683-0803,35.4333,133.3333,20
1.0.116.0/23,1857550,1861060,,0,0,690-0814,35.4498,133.0435,20
1.0.118.0/23,1858301,1861060,,0,0,682-0311,35.4333,133.8167,100
1.0.120.0/23,1849892,1861060,,0,0,682-0712,35.5417,134.1000,50
1.0.122.0/24,1854383,1861060,,0,0,703-8286,34.6500,133.9333,100
1.0.123.0/24,1848277,1861060,,0,0,683-0004,35.4490,133.3551,100
1.0.124.0/24,1849892,1861060,,0,0,680-0012,35.5000,134.2333,100
1.0.125.0/24,1857550,1861060,,0,0,690-0877,35.4498,133.0435,100
1.0.126.0/24,1857550,1861060,,0,0,690-0012,35.4436,133.0788,50
1.0.127.0/24,1848482,1861060,,0,0,692-0011,35.4215,133.2422,50
1.0.128.0/23,1608452,1605651,,0,0,55140,19.1000,100.8167,1000
1.0.130.0/23,1606147,1605651,,0,0,90000,7.1988,100.5951,100
1.0.132.0/23,1607532,1605651,,0,0,13000,14.3738,100.5631,1000
1.0.134.0/24,1609032,1605651,,0,0,15000,14.8000,100.6167,1000
1.0.135.0/24,1607532,1605651,,0,0,13000,14.3738,100.5631,1000
1.0.136.0/23,1605651,1605651,,0,0,,13.7500,100.4667,500
1.0.138.0/24,1609350,1605651,,0,0,10140,13.6855,100.5003,1000
1.0.139.0/24,1607017,1605651,,0,0,21110,12.7833,101.6500,100
1.0.140.0/22,1605651,1605651,,0,0,,13.7500,100.4667,500
1.0.144.0/20,1605651,1605651,,0,0,,13.7500,100.4667,500
1.0.160.0/24,1150515,1605651,,0,0,84000,9.1308,99.3628,100
1.0.161.0/25,1150515,1605651,,0,0,84000,9.1308,99.3628,100
1.0.161.128/25,1150965,1605651,,0,0,85000,9.9667,98.6333,100
1.0.162.0/23,1150515,1605651,,0,0,84000,9.1308,99.3628,100
1.0.164.0/22,1150515,1605651,,0,0,84000,9.1308,99.3628,100
1.0.168.0/23,1605651,1605651,,0,0,,13.7500,100.4667,500
1.0.170.0/23,1150515,1605651,,0,0,84000,9.1308,99.3628,1000
1.0.172.0/22,1605651,1605651,,0,0,,13.7500,100.4667,500
1.0.176.0/24,1607017,1605651,,0,0,21000,12.6667,101.2833,1000
1.0.177.0/24,1619532,1605651,,0,0,10240,13.7663,100.6503,1000
1.0.178.0/23,1619532,1605651,,0,0,10240,13.7663,100.6503,1000
1.0.180.0/22,1605279,1605651,,0,0,23000,12.2131,102.5776,1000
1.0.184.0/21,1607017,1605651,,0,0,21000,12.6667,101.2833,1000
1.0.192.0/22,1605651,1605651,,0,0,,13.7500,100.4667,500
1.0.196.0/23,1605651,1605651,,0,0,,13.7500,100.4667,500
1.0.198.0/24,1151254,1605651,,0,0,83120,7.9167,98.3500,1000
1.0.199.0/24,1605651,1605651,,0,0,,13.7500,100.4667,500
1.0.200.0/24,1606250,1605651,,0,0,20110,13.1667,100.9333,1000
1.0.201.0/25,1609350,1605651,,0,0,10230,13.7540,100.5014,1000
1.0.201.128/25,1609350,1605651,,0,0,10260,13.6682,100.5805,1000
1.0.202.0/23,1609350,1605651,,0,0,10260,13.6682,100.5805,1000
1.0.204.0/22,1153090,1605651,,0,0,62110,16.6667,99.6000,1000
1.0.208.0/24,1606586,1605651,,0,0,75000,13.4000,100.0000,1000
1.0.209.0/24,1605651,1605651,,0,0,,13.7500,100.4667,500
1.0.210.0/23,1884830,1605651,,0,0,14140,14.6488,100.4788,1000
1.0.212.0/23,1605651,1605651,,0,0,,13.7500,100.4667,500
1.0.214.0/23,1609350,1605651,,0,0,10160,13.7159,100.4170,1000
1.0.216.0/21,1605651,1605651,,0,0,,13.7500,100.4667,500
1.0.224.0/20,1605651,1605651,,0,0,,13.7500,100.4667,500
1.0.240.0/22,1609350,1605651,,0,0,10110,13.7086,100.4553,1000
1.0.244.0/23,1611110,1605651,,0,0,20000,13.1604,101.1083,1000
1.0.246.0/23,1605651,1605651,,0,0,,13.7500,100.4667,500
1.0.248.0/23,1606147,1605651,,0,0,90000,7.1988,100.5951,100
1.0.250.0/23,1605651,1605651,,0,0,,13.7500,100.4667,500
1.0.252.0/23,1150954,1605651,,0,0,70000,13.5854,99.7875,100
1.0.254.0/23,1608408,1605651,,0,0,96160,5.9333,101.9000,100
1.1.0.0/24,1811017,1814991,,0,0,,24.4798,118.0819,50
1.1.1.0/24,2077456,2077456,,0,0,,-33.4940,143.2104,1000
1.1.2.0/23,1811017,1814991,,0,0,,24.4798,118.0819,50
1.1.4.0/22,1811017,1814991,,0,0,,24.4798,118.0819,50
1.1.8.0/24,1814991,1814991,,0,0,,34.7725,113.7266,50
1.1.9.0/24,1809935,1814991,,0,0,,23.1167,113.2500,50
1.1.10.0/23,1809935,1814991,,0,0,,23.1167,113.2500,50
1.1.12.0/22,1809935,1814991,,0,0,,23.1167,113.2500,50
1.1.16.0/20,1809935,1814991,,0,0,,23.1167,113.2500,50
1.1.32.0/19,1809935,1814991,,0,0,,23.1167,113.2500,50
1.1.64.0/19,1861060,1861060,,0,0,,35.6900,139.6900,500
1.1.96.0/20,1861060,1861060,,0,0,,35.6900,139.6900,500
1.1.112.0/21,1861060,1861060,,0,0,,35.6900,139.6900,500
1.1.120.0/22,1861060,1861060,,0,0,,35.6900,139.6900,500
1.1.124.0/24,1861060,1861060,,0,0,,35.6900,139.6900,500
1.1.125.0/27,1853909,1861060,,0,0,552-0022,34.6497,135.4392,1000
1.1.125.32/28,1853909,1861060,,0,0,552-0022,34.6497,135.4392,1000
1.1.125.48/30,1853909,1861060,,0,0,552-0022,34.6497,135.4392,1000
1.1.125.52/32,1853909,1861060,,0,0,552-0022,34.6497,135.4392,1000
1.1.125.53/32,1850147,1861060,,0,0,102-0082,35.6882,139.7532,1000
1.1.125.54/32,1853909,1861060,,0,0,552-0022,34.6497,135.4392,1000
1.1.125.55/32,1850147,1861060,,0,0,102-0082,35.6882,139.7532,1000
1.1.125.56/30,1853909,1861060,,0,0,552-0022,34.6497,135.4392,1000
1.1.125.60/31,1853909,1861060,,0,0,552-0022,34.6497,135.4392,1000
1.1.125.62/31,1850147,1861060,,0,0,102-0082,35.6882,139.7532,1000
1.1.125.64/28,1850147,1861060,,0,0,102-0082,35.6882,139.7532,1000
1.1.125.80/29,1853909,1861060,,0,0,552-0022,34.6497,135.4392,1000
1.1.125.88/31,1853909,1861060,,0,0,552-0022,34.6497,135.4392,1000
1.1.125.90/32,1850147,1861060,,0,0,102-0082,35.6882,139.7532,1000
1.1.125.91/32,1853909,1861060,,0,0,552-0022,34.6497,135.4392,1000
1.1.125.92/32,1850147,1861060,,0,0,102-0082,35.6882,139.7532,1000
1.1.125.93/32,1853909,1861060,,0,0,552-0022,34.6497,135.4392,1000
1.1.125.94/31,1853909,1861060,,0,0,552-0022,34.6497,135.4392,1000
1.1.125.96/27,1850147,1861060,,0,0,102-0082,35.6882,139.7532,1000
1.1.125.128/25,1853909,1861060,,0,0,552-0022,34.6497,135.4392,1000
1.1.126.0/23,1861060,1861060,,0,0,,35.6900,139.6900,500
1.1.128.0/23,1611909,1605651,,0,0,42180,16.8833,101.8833,500
1.1.130.0/23,1603666,1605651,,0,0,43120,18.0167,103.2833,1000
1.1.132.0/24,1609071,1605651,,0,0,42000,17.4833,101.7167,1000
1.1.133.0/24,1603666,1605651,,0,0,43000,18.0501,103.3054,1000
1.1.134.0/23,1603666,1605651,,0,0,43000,18.0501,103.3054,1000
1.1.136.0/21,1605651,1605651,,0,0,,13.7500,100.4667,500
1.1.144.0/22,1609071,1605651,,0,0,42000,17.4833,101.7167,1000
1.1.148.0/23,1606147,1605651,,0,0,90000,7.1988,100.5951,1000
1.1.150.0/23,1609071,1605651,,0,0,42000,17.4833,101.7167,1000
1.1.152.0/22,1605651,1605651,,0,0,,13.7500,100.4667,500
1.1.156.0/23,1605651,1605651,,0,0,,13.7500,100.4667,500
1.1.158.0/23,1606147,1605651,,0,0,90000,7.1988,100.5951,1000
1.1.160.0/22,1605651,1605651,,0,0,,13.7500,100.4667,500
1.1.164.0/23,1605651,1605651,,0,0,,13.7500,100.4667,500
1.1.166.0/24,1605651,1605651,,0,0,,13.7500,100.4667,500
1.1.167.0/24,1607552,1605651,,0,0,54140,17.9794,100.0533,1000
1.1.168.0/22,1609350,1605651,,0,0,10260,13.6682,100.5805,1000
1.1.172.0/23,1153671,1605651,,0,0,50000,18.7910,98.9782,1000
1.1.174.0/23,1605651,1605651,,0,0,,13.7500,100.4667,500
1.1.176.0/24,1607530,1605651,,0,0,10210,14.1833,100.2833,1000
1.1.177.0/24,1609350,1605651,,0,0,12150,13.9333,100.7500,1000
1.1.178.0/23,1609350,1605651,,0,0,10200,13.7594,100.4889,1000
1.1.180.0/22,1609350,1605651,,0,0,12150,13.9333,100.7500,1000
1.1.184.0/21,1605651,1605651,,0,0,,13.7500,100.4667,500
1.1.192.0/23,1605651,1605651,,0,0,,13.7500,100.4667,500
1.1.194.0/23,1606350,1605651,,0,0,47110,17.4719,103.4583,50
1.1.196.0/23,1608900,1605651,,0,0,,16.1848,103.3007,1000
1.1.198.0/24,1608900,1605651,,0,0,,16.1848,103.3007,1000
1.1.199.0/25,1608900,1605651,,0,0,,16.1848,103.3007,1000
1.1.199.128/25,1614336,1605651,,0,0,41110,17.1336,102.9675,1000
1.1.200.0/22,1609776,1605651,,0,0,40000,16.2950,102.6138,1000
1.1.204.0/22,1609071,1605651,,0,0,42000,17.4833,101.7167,1000
1.1.208.0/24,1608232,1605651,,0,0,43110,17.8450,102.5842,100
1.1.209.0/24,1609776,1605651,,0,0,40320,16.3333,102.6500,100
1.1.210.0/24,1605239,1605651,,0,0,41000,17.1336,102.9675,100
1.1.211.0/24,1609071,1605651,,0,0,42000,17.4833,101.7167,100
1.1.212.0/23,1605239,1605651,,0,0,41000,17.1336,102.9675,100
1.1.214.0/23,1620193,1605651,,0,0,,17.4064,103.2389,50
1.1.216.0/21,1606030,1605651,,0,0,,14.8818,103.4936,1000
1.1.224.0/22,1605651,1605651,,0,0,,13.7500,100.4667,500
1.1.228.0/22,9283512,1605651,,0,0,31120,15.4167,102.9000,1000
1.1.232.0/22,1607001,1605651,,0,0,45000,16.0500,103.6667,1000
1.1.236.0/24,1606789,1605651,,0,0,47120,17.6333,103.7667,1000
1.1.237.0/24,1609071,1605651,,0,0,42000,17.4833,101.7167,1000
1.1.238.0/23,1606789,1605651,,0,0,47120,17.6333,103.7667,1000
1.1.240.0/21,1605651,1605651,,0,0,,13.7500,100.4667,500
1.1.248.0/22,1609350,1605651,,0,0,10600,13.7330,100.4865,1000
1.1.252.0/23,1609350,1605651,,0,0,10600,13.7330,100.4865,1000
1.1.254.0/23,1603666,1605651,,0,0,43000,18.0501,103.3054,1000
1.2.0.0/23,1811017,1814991,,0,0,,24.4798,118.0819,50
1.2.2.0/24,2038349,1814991,,0,0,,39.9289,116.3883,50
1.2.3.0/24,6252001,2077456,,0,0,,37.7510,-97.8220,1000
1.2.4.0/24,1814991,1814991,,0,0,,34.7725,113.7266,50
1.2.5.0/24,1811017,1814991,,0,0,,24.4798,118.0819,50
1.2.6.0/23,1811017,1814991,,0,0,,24.4798,118.0819,50
1.2.8.0/24,1814991,1814991,,0,0,,34.7725,113.7266,50
1.2.9.0/24,1809935,1814991,,0,0,,23.1167,113.2500,50
1.2.10.0/23,1809935,1814991,,0,0,,23.1167,113.2500,50
1.2.12.0/22,1809935,1814991,,0,0,,23.1167,113.2500,50
1.2.16.0/20,1809935,1814991,,0,0,,23.1167,113.2500,50
1.2.32.0/19,1809935,1814991,,0,0,,23.1167,113.2500,50
1.2.64.0/18,1809935,1814991,,0,0,,23.1167,113.2500,50
1.2.128.0/23,1603666,1605651,,0,0,43000,18.0501,103.3054,500
1.2.130.0/23,1609071,1605651,,0,0,42000,17.4833,101.7167,500
1.2.132.0/22,1620193,1605651,,0,0,,17.4064,103.2389,500
1.2.136.0/24,1606789,1605651,,0,0,47120,17.6333,103.7667,100
1.2.137.0/24,1605239,1605651,,0,0,41000,17.4157,102.7859,100
1.2.138.0/23,1605239,1605651,,0,0,41000,17.4157,102.7859,100
1.2.140.0/22,1605239,1605651,,0,0,41000,17.4157,102.7859,100
1.2.144.0/23,1619954,1605651,,0,0,,16.7167,102.6500,50
1.2.146.0/23,1609350,1605651,,0,0,10110,13.7086,100.4553,50
1.2.148.0/22,1605239,1605651,,0,0,41000,17.1336,102.9675,100
1.2.152.0/24,1609776,1605651,,0,0,40000,16.2950,102.6138,1000
1.2.153.0/24,1610223,1605651,,0,0,44150,16.3167,103.3000,1000
1.2.154.0/23,1609776,1605651,,0,0,40000,16.2950,102.6138,1000
1.2.156.0/22,1609776,1605651,,0,0,40000,16.2950,102.6138,1000
1.2.160.0/22,1153671,1605651,,0,0,50000,18.7910,98.9782,1000
1.2.164.0/23,1607737,1605651,,0,0,67170,16.4433,101.1475,200
1.2.166.0/23,1607978,1605651,,0,0,94180,6.6819,101.2714,1000
1.2.168.0/22,1605651,1605651,,0,0,,13.7500,100.4667,500
1.2.172.0/24,1611453,1605651,,0,0,31140,14.6167,103.0833,1000
1.2.173.0/24,1605651,1605651,,0,0,,13.7500,100.4667,500
1.2.174.0/23,1605651,1605651,,0,0,,13.7500,100.4667,500
1.2.176.0/21,1605651,1605651,,0,0,,13.7500,100.4667,500
1.2.184.0/22,1607978,1605651,,0,0,94000,6.7580,101.3775,1000
1.2.188.0/23,1609350,1605651,,0,0,10200,13.7594,100.4889,100
1.2.190.0/23,1605651,1605651,,0,0,,13.7500,100.4667,500
1.2.192.0/22,1607708,1605651,,0,0,65000,16.8333,100.2500,1000
1.2.196.0/22,1152953,1605651,,0,0,62130,16.0667,99.8667,1000
1.2.200.0/22,1607725,1605651,,0,0,66000,16.4333,100.3667,1000
1.2.204.0/22,1605651,1605651,,0,0,,13.7500,100.4667,500
1.2.208.0/20,1605651,1605651,,0,0,,13.7500,100.4667,500
1.2.224.0/22,9283512,1605651,,0,0,31120,15.4167,102.9000,1000
1.2.228.0/23,1611492,1605651,,0,0,30120,15.5833,102.4167,1000
1.2.230.0/23,1608529,1605651,,0,0,30000,15.0598,102.2215,1000
1.2.232.0/21,1605651,1605651,,0,0,,13.7500,100.4667,500
1.2.240.0/23,1153090,1605651,,0,0,62000,16.3100,99.6800,1000
1.2.242.0/23,1605651,1605651,,0,0,,13.7500,100.4667,500
1.2.244.0/22,1605651,1605651,,0,0,,13.7500,100.4667,500
1.2.248.0/21,1607017,1605651,,0,0,21130,12.7167,101.0667,1000
1.3.0.0/16,1809935,1814991,,0,0,,23.1167,113.2500,50
1.4.0.0/24,2077456,2077456,,0,0,,-33.4940,143.2104,1000
1.4.1.0/24,1811017,1814991,,0,0,,24.4798,118.0819,50
1.4.2.0/23,1811017,1814991,,0,0,,24.4798,118.0819,50
1.4.4.0/24,2038349,1814991,,0,0,,39.9289,116.3883,50
1.4.5.0/24,1811017,1814991,,0,0,,24.4798,118.0819,50
1.4.6.0/23,1811017,1814991,,0,0,,24.4798,118.0819,50
1.4.8.0/21,1809935,1814991,,0,0,,23.1167,113.2500,50
1.4.16.0/20,1809935,1814991,,0,0,,23.1167,113.2500,50
1.4.32.0/19,1809935,1814991,,0,0,,23.1167,113.2500,50
1.4.64.0/18,1809935,1814991,,0,0,,23.1167,113.2500,50
1.4.128.0/25,1609071,1605651,,0,0,42000,17.4833,101.7167,100
1.4.128.128/25,1605239,1605651,,0,0,41210,17.1336,102.9675,100
1.4.129.0/24,1605239,1605651,,0,0,41210,17.1336,102.9675,100
1.4.130.0/23,1605239,1605651,,0,0,41210,17.1336,102.9675,100
1.4.132.0/22,1605239,1605651,,0,0,41210,17.1336,102.9675,100
1.4.136.0/22,1609071,1605651,,0,0,42000,17.4833,101.7167,200
1.4.140.0/22,1609776,1605651,,0,0,40140,16.7000,102.8667,1000
1.4.144.0/21,1605651,1605651,,0,0,,13.7500,100.4667,500
1.4.152.0/22,1603666,1605651,,0,0,43000,18.0501,103.3054,1000
1.4.156.0/23,1605651,1605651,,0,0,,13.7500,100.4667,500
1.4.158.0/24,1605651,1605651,,0,0,,13.7500,100.4667,500
1.4.159.0/24,1607978,1605651,,0,0,94110,6.7031,101.6203,50
1.4.160.0/24,1609350,1605651,,0,0,10510,13.8167,100.7500,10
1.4.161.0/24,1609350,1605651,,0,0,10240,13.7663,100.6503,10
1.4.162.0/24,1609350,1605651,,0,0,10230,13.7540,100.5014,100
1.4.163.0/24,1609350,1605651,,0,0,10510,13.8167,100.7500,10
1.4.164.0/22,1609350,1605651,,0,0,10240,13.7663,100.6503,20
1.4.168.0/24,1609350,1605651,,0,0,10510,13.8167,100.7500,20
1.4.169.0/24,1609350,1605651,,0,0,10520,13.7167,100.7833,20
1.4.170.0/23,1609350,1605651,,0,0,10510,13.8167,100.7500,20
1.4.172.0/23,1609350,1605651,,0,0,10510,13.8167,100.7500,20
1.4.174.0/23,1609350,1605651,,0,0,10250,13.8594,100.4775,20
1.4.176.0/21,1609776,1605651,,0,0,40000,16.2950,102.6138,100
1.4.184.0/23,1610469,1605651,,0,0,46000,16.4333,103.5000,100
1.4.186.0/23,1605239,1605651,,0,0,41000,17.1336,102.9675,100
1.4.188.0/22,1610469,1605651,,0,0,46000,16.4333,103.5000,100
1.4.192.0/23,1619532,1605651,,0,0,10240,13.7663,100.6503,1
1.4.194.0/23,8533914,1605651,,0,0,10400,13.7618,100.5324,100
1.4.196.0/23,1609350,1605651,,0,0,10170,13.7667,100.4500,10
1.4.198.0/23,1605651,1605651,,0,0,,13.7500,100.4667,500
1.4.200.0/22,1605651,1605651,,0,0,,13.7500,100.4667,500
1.4.204.0/23,1605651,1605651,,0,0,,13.7500,100.4667,500
1.4.206.0/23,1609350,1605651,,0,0,10600,13.7330,100.4865,10
1.4.208.0/22,1607530,1605651,,0,0,10210,14.1833,100.2833,1000
1.4.212.0/23,1607530,1605651,,0,0,10210,14.1833,100.2833,1000
1.4.214.0/24,1609350,1605651,,0,0,10200,13.7594,100.4889,1000
1.4.215.0/24,1609350,1605651,,0,0,10800,13.8000,100.5333,1000
1.4.216.0/23,1605651,1605651,,0,0,,13.7500,100.4667,500
1.4.218.0/23,1149698,1605651,,0,0,76000,13.0694,100.0528,1000
1.4.220.0/24,1608534,1605651,,0,0,73000,13.8667,100.1917,1000
1.4.221.0/24,1150954,1605651,,0,0,70130,13.5167,99.9333,1000
1.4.222.0/23,1608534,1605651,,0,0,73000,13.8667,100.1917,1000
1.4.224.0/23,1611909,1605651,,0,0,42120,17.2833,101.1500,50
1.4.226.0/23,1605651,1605651,,0,0,,13.7500,100.4667,500
1.4.228.0/22,1609071,1605651,,0,0,42000,17.4833,101.7167,50
1.4.232.0/22,1609776,1605651,,0,0,40000,16.2950,102.6138,100
1.4.236.0/23,1609776,1605651,,0,0,40000,16.2950,102.6138,100
1.4.238.0/24,1609776,1605651,,0,0,40000,16.2950,102.6138,100
1.4.239.0/24,1609071,1605651,,0,0,42000,17.4833,101.7167,100
1.4.240.0/22,1150515,1605651,,0,0,84000,9.1308,99.3628,100
1.4.244.0/22,1150965,1605651,,0,0,85000,9.9667,98.6333,1000
1.4.248.0/21,8540463,1605651,,0,0,84130,9.1167,99.2000,200
1.5.0.0/16,1861060,1861060,,0,0,,35.6900,139.6900,500
1.6.0.0/22,1277333,1269750,,0,0,560004,12.9833,77.5833,500
1.6.4.0/24,1259229,1269750,,0,0,411007,18.5332,73.8626,500
1.6.5.0/24,1275339,1269750,,0,0,400002,18.9721,72.8246,500
1.6.6.0/23,1277333,1269750,,0,0,560004,12.9833,77.5833,500
1.6.8.0/21,1269750,1269750,,0,0,,20.0000,77.0000,1000
1.6.16.0/21,1269750,1269750,,0,0,,20.0000,77.0000,1000
1.6.24.0/22,1269750,1269750,,0,0,,20.0000,77.0000,1000
1.6.28.0/23,1269750,1269750,,0,0,,20.0000,77.0000,1000
1.6.30.0/23,1254661,1269750,,0,0,400080,19.2000,72.9667,50
1.6.32.0/21,1259229,1269750,,0,0,411007,18.5332,73.8626,100
1.6.40.0/21,1269750,1269750,,0,0,,20.0000,77.0000,1000
1.6.48.0/21,1276532,1269750,,0,0,700036,22.6500,88.3833,10
1.6.56.0/21,1269750,1269750,,0,0,,20.0000,77.0000,1000
1.6.64.0/21,1264527,1269750,,0,0,600042,13.0843,80.2805,200
1.6.72.0/21,1275339,1269750,,0,0,400002,18.9721,72.8246,100
1.6.80.0/21,1269750,1269750,,0,0,,20.0000,77.0000,1000
1.6.88.0/22,1275339,1269750,,0,0,410210,19.0368,73.0158,20
1.6.92.0/22,1275339,1269750,,0,0,400002,18.9721,72.8246,1
1.6.96.0/21,1269750,1269750,,0,0,,20.0000,77.0000,1000
1.6.104.0/21,1275004,1269750,,0,0,700059,22.5720,88.3670,1000
1.6.112.0/21,1275004,1269750,,0,0,700059,22.5720,88.3670,20
1.6.120.0/21,1277333,1269750,,0,0,560004,12.9833,77.5833,5
1.6.128.0/21,1269750,1269750,,0,0,,20.0000,77.0000,1000
1.6.136.0/22,1269750,1269750,,0,0,,20.0000,77.0000,1000
1.6.140.0/22,1270642,1269750,,0,0,122002,28.4666,77.0309,20
1.6.144.0/20,1269750,1269750,,0,0,,20.0000,77.0000,1000
1.6.160.0/20,1269750,1269750,,0,0,,20.0000,77.0000,1000
1.6.176.0/21,1269750,1269750,,0,0,,20.0000,77.0000,1000
1.6.184.0/21,1275339,1269750,,0,0,400002,18.9721,72.8246,20
1.6.192.0/18,1269750,1269750,,0,0,,20.0000,77.0000,1000
1.7.0.0/16,1269750,1269750,,0,0,,20.0000,77.0000,1000
1.8.0.0/16,2038349,1814991,,0,0,,39.9289,116.3883,50
1.9.0.0/21,8504423,1733045,,0,0,47600,3.0473,101.5712,20
1.9.8.0/22,1734769,1733045,,0,0,42000,3.0186,101.4286,20
1.9.12.0/22,1735158,1733045,,0,0,47300,3.1071,101.6139,10
1.9.16.0/22,1777077,1733045,,0,0,43200,3.0643,101.7543,20
1.9.20.0/22,1732903,1733045,,0,0,40150,3.1100,101.5538,100
1.9.24.0/22,1735161,1733045,,0,0,50460,3.1365,101.6941,5
1.9.28.0/22,1733045,1733045,,0,0,,2.5000,112.5000,1000
1.9.32.0/23,1735158,1733045,,0,0,46150,3.1090,101.5704,10
1.9.34.0/23,1735161,1733045,,0,0,58200,3.0947,101.6796,10
1.9.36.0/22,1735161,1733045,,0,0,53300,3.1684,101.7033,10
1.9.40.0/22,1733045,1733045,,0,0,,2.5000,112.5000,1000
1.9.44.0/23,1735158,1733045,,0,0,47810,3.1440,101.5875,1000
1.9.46.0/24,1735158,1733045,,0,0,47810,3.1440,101.5875,1000
1.9.47.0/25,1735158,1733045,,0,0,47810,3.1440,101.5875,1000
1.9.47.128/25,1735161,1733045,,0,0,57000,3.1013,101.6915,1000
1.9.48.0/22,1733045,1733045,,0,0,,2.5000,112.5000,1000
1.9.52.0/22,1735161,1733045,,0,0,59100,3.1336,101.6675,5
1.9.56.0/21,1735161,1733045,,0,0,50400,3.1492,101.6951,1
1.9.64.0/22,1735106,1733045,,0,0,11700,5.3653,100.3067,100
1.9.68.0/23,1736338,1733045,,0,0,06400,6.0432,100.5221,50
1.9.70.0/23,1734439,1733045,,0,0,08100,5.7879,100.4719,50
1.9.72.0/22,1732667,1733045,,0,0,28700,3.5281,101.9763,200
1.9.76.0/23,1735102,1733045,,0,0,11900,5.3294,100.2907,100
1.9.78.0/23,1734634,1733045,,0,0,30250,4.5916,101.0967,100
1.9.80.0/23,1735106,1733045,,0,0,11600,5.3956,100.3111,5
1.9.82.0/23,1736309,1733045,,0,0,05200,6.0276,100.3989,100
1.9.84.0/24,1733045,1733045,,0,0,,2.5000,112.5000,1000
1.9.85.0/24,10941913,1733045,,0,0,43000,3.0081,101.7719,100
1.9.86.0/23,1733045,1733045,,0,0,,2.5000,112.5000,1000
1.9.88.0/21,1733045,1733045,,0,0,,2.5000,112.5000,1000
1.9.96.0/23,1733045,1733045,,0,0,,2.5000,112.5000,1000
1.9.98.0/23,1732663,1733045,,0,0,27600,3.7577,101.9827,50
1.9.100.0/22,1771287,1733045,,0,0,71800,2.8093,101.8334,20
1.9.104.0/23,1735902,1733045,,0,0,96000,2.2086,111.6000,200
1.9.106.0/24,1735902,1733045,,0,0,96000,2.2086,111.6000,200
1.9.107.0/24,1735634,1733045,,0,0,93250,1.5620,110.3152,200
1.9.108.0/23,1735158,1733045,,0,0,47810,3.1440,101.5875,10
1.9.110.0/24,1735161,1733045,,0,0,52200,3.1572,101.6695,10
1.9.111.0/25,1735158,1733045,,0,0,47810,3.1440,101.5875,10
1.9.111.128/25,1732903,1733045,,0,0,40100,3.0833,101.5333,10
1.9.112.0/23,1735161,1733045,,0,0,57000,3.1013,101.6915,100
1.9.114.0/25,1777077,1733045,,0,0,56000,3.0750,101.7382,10
1.9.114.128/25,10941913,1733045,,0,0,43000,3.0081,101.7719,50
1.9.115.0/24,1735161,1733045,,0,0,57000,3.1013,101.6915,10
1.9.116.0/24,1732905,1733045,,0,0,41200,3.0232,101.4621,1000
1.9.117.0/24,1732755,1733045,,0,0,81550,1.4484,103.5873,20
1.9.118.0/24,1732785,1733045,,0,0,81600,1.4656,103.9435,50
1.9.119.0/24,1735079,1733045,,0,0,14000,5.3344,100.4673,20
1.9.120.0/24,1733045,1733045,,0,0,,2.5000,112.5000,1000
1.9.121.0/25,1735450,1733045,,0,0,32200,4.3170,100.7977,20
1.9.121.128/25,1749825,1733045,,0,0,47130,2.9881,101.6053,20
1.9.122.0/24,1735158,1733045,,0,0,47400,3.1296,101.6274,10
1.9.123.0/24,1735161,1733045,,0,0,57100,3.1093,101.6995,10
1.9.124.0/23,10941913,1733045,,0,0,43000,3.0081,101.7719,5
1.9.126.0/24,1732903,1733045,,0,0,40150,3.1100,101.5538,10
1.9.127.0/24,1735161,1733045,,0,0,50088,3.1479,101.7008,20
1.9.128.0/22,1779926,1733045,,0,0,77200,2.2582,102.3555,200
1.9.132.0/23,1779926,1733045,,0,0,77200,2.2582,102.3555,200
1.9.134.0/24,1734810,1733045,,0,0,70100,2.7107,101.9513,200
1.9.135.0/27,7698858,1733045,,0,0,81930,1.6712,103.9725,200
1.9.135.32/28,1732738,1733045,,0,0,81930,1.6712,103.9725,200
1.9.135.48/28,7698858,1733045,,0,0,81930,1.6712,103.9725,200
1.9.135.64/26,7698858,1733045,,0,0,81930,1.6712,103.9725,200
1.9.135.128/25,7698858,1733045,,0,0,81930,1.6712,103.9725,200
1.9.136.0/22,6697380,1733045,,0,0,62550,2.9264,101.6964,1000
1.9.140.0/23,1735161,1733045,,0,0,50088,3.1479,101.7008,200
1.9.142.0/23,1732752,1733045,,0,0,80500,1.4655,103.7578,200
1.9.144.0/22,1732811,1733045,,0,0,86000,1.9226,103.4038,200
1.9.148.0/23,1732905,1733045,,0,0,41200,3.0232,101.4621,200
1.9.150.0/25,1732903,1733045,,0,0,40100,3.0833,101.5333,200
1.9.150.128/25,1732905,1733045,,0,0,41200,3.0232,101.4621,200
1.9.151.0/24,1732905,1733045,,0,0,41200,3.0232,101.4621,200
1.9.152.0/24,1744246,1733045,,0,0,43300,3.0384,101.7105,20
1.9.153.0/24,1735161,1733045,,0,0,52100,3.1833,101.6584,10
1.9.154.0/23,1732811,1733045,,0,0,86000,1.9226,103.4038,200
1.9.156.0/22,1735161,1733045,,0,0,50250,3.1419,101.6934,5
1.9.160.0/23,1733045,1733045,,0,0,,2.5000,112.5000,1000
1.9.162.0/24,1735244,1733045,,0,0,27100,3.5321,103.4619,1000
1.9.163.0/24,1733045,1733045,,0,0,,2.5000,112.5000,1000
1.9.164.0/23,1768409,1733045,,0,0,24000,4.3305,103.3520,200
1.9.166.0/23,1735161,1733045,,0,0,59200,3.1189,101.6746,200
1.9.168.0/22,1733045,1733045,,0,0,,2.5000,112.5000,1000
1.9.172.0/23,10941913,1733045,,0,0,43000,3.0081,101.7719,20
1.9.174.0/23,1735161,1733045,,0,0,57100,3.1093,101.6995,10
1.9.176.0/22,1735158,1733045,,0,0,47410,3.1200,101.5952,5
1.9.180.0/24,1735158,1733045,,0,0,47301,3.1065,101.6079,20
1.9.181.0/24,1732747,1733045,,0,0,81700,1.5243,103.8240,10
1.9.182.0/23,1734810,1733045,,0,0,70400,2.7486,101.9435,5
1.9.184.0/23,1735161,1733045,,0,0,57000,3.1013,101.6915,10
1.9.186.0/23,1735498,1733045,,0,0,08000,5.6639,100.4902,100
1.9.188.0/22,1732869,1733045,,0,0,84200,2.0102,102.6981,200
1.9.192.0/22,1733432,1733045,,0,0,88600,5.9749,116.0724,1000
1.9.196.0/23,1744246,1733045,,0,0,43300,3.0384,101.7105,1000
1.9.198.0/23,1733432,1733045,,0,0,88600,5.9749,116.0724,1000
1.9.200.0/22,1734810,1733045,,0,0,70450,2.7724,101.9402,1000
1.9.204.0/24,1735161,1733045,,0,0,51200,3.1876,101.6720,1000
1.9.205.0/24,1733432,1733045,,0,0,88300,5.9479,116.0827,1000
1.9.206.0/23,1733432,1733045,,0,0,88300,5.9479,116.0827,1000
1.9.208.0/23,1734753,1733045,,0,0,75450,2.2872,102.2759,1
1.9.210.0/23,1734815,1733045,,0,0,71010,2.5829,101.8402,500
1.9.212.0/24,1734826,1733045,,0,0,71450,2.6910,101.9890,50
1.9.213.0/24,1732738,1733045,,0,0,81930,1.6712,103.9725,200
1.9.214.0/23,1735158,1733045,,0,0,47820,3.1571,101.6019,50
1.9.216.0/21,8504423,1733045,,0,0,47500,3.0542,101.5949,200
1.9.224.0/23,1733045,1733045,,0,0,,2.5000,112.5000,1000
1.9.226.0/23,1732903,1733045,,0,0,40100,3.0833,101.5333,100
1.9.228.0/22,1733045,1733045,,0,0,,2.5000,112.5000,1000
1.9.232.0/21,1733045,1733045,,0,0,,2.5000,112.5000,1000
1.9.240.0/21,1777077,1733045,,0,0,43200,3.0643,101.7543,20
1.9.248.0/21,1734634,1733045,,0,0,31400,4.6114,101.1043,100
1.10.0.0/21,1809935,1814991,,0,0,,23.1167,113.2500,50
1.10.8.0/23,1811017,1814991,,0,0,,24.4798,118.0819,50
1.10.10.0/24,2077456,2077456,,0,0,,-33.4940,143.2104,1000
1.10.11.0/24,1811017,1814991,,0,0,,24.4798,118.0819,50
1.10.12.0/22,1811017,1814991,,0,0,,24.4798,118.0819,50
1.10.16.0/20,1809935,1814991,,0,0,,23.1167,113.2500,50
1.10.32.0/19,1809935,1814991,,0,0,,23.1167,113.2500,50
1.10.64.0/18,1809935,1814991,,0,0,,23.1167,113.2500,50
1.10.128.0/24,1609350,1605651,,0,0,10310,13.7877,100.5068,100
1.10.129.0/25,1609350,1605651,,0,0,10310,13.7877,100.5068,100
1.10.129.128/27,1609350,1605651,,0,0,10310,13.7877,100.5068,100
1.10.129.160/27,1609350,1605651,,0,0,10230,13.7540,100.5014,100
1.10.129.192/26,1609350,1605651,,0,0,10240,13.7663,100.6503,100
1.10.130.0/23,1609350,1605651,,0,0,10310,13.7877,100.5068,100
1.10.132.0/23,1605651,1605651,,0,0,,13.7500,100.4667,500
1.10.134.0/24,1605651,1605651,,0,0,,13.7500,100.4667,500
1.10.135.0/24,1609032,1605651,,0,0,15000,14.8000,100.6167,1000
1.10.136.0/21,1609350,1605651,,0,0,10250,13.8594,100.4775,1000
1.10.144.0/22,1609350,1605651,,0,0,10200,13.7594,100.4889,1000
1.10.148.0/22,1605651,1605651,,0,0,,13.7500,100.4667,500
1.10.152.0/22,1149878,1605651,,0,0,84190,8.6333,99.3500,500
1.10.156.0/23,1618222,1605651,,0,0,12120,6.8021,100.6211,1000
1.10.158.0/23,1607530,1605651,,0,0,10210,14.1833,100.2833,50
1.10.160.0/21,8540463,1605651,,0,0,84130,9.1167,99.2000,1000
1.10.168.0/21,1150515,1605651,,0,0,84150,9.1417,99.3313,1000
1.10.176.0/23,1609350,1605651,,0,0,14000,13.7540,100.5014,1000
1.10.178.0/23,1609350,1605651,,0,0,10200,13.7594,100.4889,1000
1.10.180.0/22,1609350,1605651,,0,0,10200,13.7594,100.4889,1000
1.10.184.0/24,1605549,1605651,,0,0,12110,14.0435,100.6421,20
1.10.185.0/24,1605651,1605651,,0,0,,13.7500,100.4667,500
1.10.186.0/23,1605651,1605651,,0,0,,13.7500,100.4667,500
1.10.188.0/23,1605651,1605651,,0,0,,13.7500,100.4667,500
1.10.190.0/23,1150533,1605651,,0,0,64140,17.0153,99.7078,20
1.10.192.0/22,1609350,1605651,,0,0,10200,13.7594,100.4889,50
1.10.196.0/23,1609350,1605651,,0,0,10200,13.7594,100.4889,50
1.10.198.0/24,1609350,1605651,,0,0,10200,13.7594,100.4889,50
1.10.199.0/25,1609350,1605651,,0,0,10200,13.7594,100.4889,50
1.10.199.128/26,1609350,1605651,,0,0,10200,13.7594,100.4889,50
1.10.199.192/26,1609350,1605651,,0,0,10250,13.8594,100.4775,50
1.10.200.0/24,1609350,1605651,,0,0,10120,13.7086,100.4553,20
1.10.201.0/24,1609350,1605651,,0,0,10250,13.8594,100.4775,1
1.10.202.0/24,1609350,1605651,,0,0,10100,13.7366,100.4995,1000
1.10.203.0/26,1153807,1605651,,0,0,76120,12.8000,99.9667,1000
1.10.203.64/26,1609350,1605651,,0,0,10100,13.7366,100.4995,1000
1.10.203.128/26,1609350,1605651,,0,0,10100,13.7366,100.4995,1000
1.10.203.192/26,1619415,1605651,,0,0,73130,14.0167,100.1667,1000
1.10.204.0/24,1609032,1605651,,0,0,15150,14.8167,100.5167,50
1.10.205.0/25,1606418,1605651,,0,0,18140,14.3333,100.8667,50
1.10.205.128/25,1609032,1605651,,0,0,15150,14.8167,100.5167,50
1.10.206.0/23,1609350,1605651,,0,0,10160,13.7159,100.4170,10
1.10.208.0/25,1609071,1605651,,0,0,42000,17.4833,101.7167,200
1.10.208.128/25,1610469,1605651,,0,0,46150,16.7000,103.7667,200
1.10.209.0/24,1605239,1605651,,0,0,41000,17.1336,102.9675,100
1.10.210.0/23,1604769,1605651,,0,0,35120,15.6633,104.3067,100
1.10.212.0/24,1605651,1605651,,0,0,,13.7500,100.4667,500
1.10.213.0/24,1605119,1605651,,0,0,,13.5033,102.1812,1000
1.10.214.0/24,1607737,1605651,,0,0,67150,16.1833,100.8500,100
1.10.215.0/24,1605651,1605651,,0,0,,13.7500,100.4667,500
1.10.216.0/23,1152473,1605651,,0,0,52000,18.2983,99.5072,100
1.10.218.0/23,1609350,1605651,,0,0,10310,13.7877,100.5068,100
1.10.220.0/24,1152633,1605651,,0,0,81120,8.0667,99.3000,1000
1.10.221.0/24,1605651,1605651,,0,0,,13.7500,100.4667,500
1.10.222.0/23,1604600,1605651,,0,0,90150,6.8667,100.9667,100
1.10.224.0/23,1149698,1605651,,0,0,76110,13.2167,99.9833,1000
1.10.226.0/23,1619415,1605651,,0,0,73130,14.0167,100.1667,50
1.10.228.0/22,1606588,1605651,,0,0,74000,13.5333,100.2833,100
1.10.232.0/21,1153807,1605651,,0,0,76120,12.8000,99.9667,1000
1.10.240.0/22,1607532,1605651,,0,0,13000,14.3738,100.5631,50
1.10.244.0/23,1609395,1605651,,0,0,74110,13.6500,100.2667,100
1.10.246.0/24,1605651,1605651,,0,0,,13.7500,100.4667,500
1.10.247.0/24,1611416,1605651,,0,0,17130,14.9833,100.0167,1000
1.10.248.0/21,1610469,1605651,,0,0,46000,16.4333,103.5000,1000
1.11.0.0/19,1835841,1835841,,0,0,,37.5112,126.9741,200
1.11.32.0/20,1835841,1835841,,0,0,,37.5112,126.9741,200
1.11.48.0/21,1835841,1835841,,0,0,,37.5112,126.9741,200
1.11.56.0/21,1843564,1835841,,0,0,,37.4562,126.7288,20
1.11.64.0/21,1835848,1835841,,0,0,,37.5985,126.9783,20
1.11.72.0/21,1835841,1835841,,0,0,,37.5112,126.9741,200
1.11.80.0/20,1835841,1835841,,0,0,,37.5112,126.9741,200
1.11.96.0/22,1834885,1835841,,0,0,,36.9167,126.6667,1
1.11.100.0/22,1844174,1835841,,0,0,,36.5671,126.6263,1
1.11.104.0/21,1835841,1835841,,0,0,,37.5112,126.9741,200
1.11.112.0/20,1835841,1835841,,0,0,,37.5112,126.9741,200
1.11.128.0/20,1835841,1835841,,0,0,,37.5112,126.9741,200
1.11.144.0/24,1838716,1835841,,0,0,,37.4988,126.7827,1000
1.11.145.0/24,1835841,1835841,,0,0,,37.5112,126.9741,200
1.11.146.0/23,1835841,1835841,,0,0,,37.5112,126.9741,200
1.11.148.0/22,1835841,1835841,,0,0,,37.5112,126.9741,200
1.11.152.0/21,1842936,1835841,,0,0,,37.6200,126.7181,1
1.11.160.0/21,1838716,1835841,,0,0,,37.4988,126.7827,1000
1.11.168.0/21,1835841,1835841,,0,0,,37.5112,126.9741,200
1.11.176.0/21,1835841,1835841,,0,0,,37.5112,126.9741,200
1.11.184.0/21,1842936,1835841,,0,0,,37.6200,126.7181,20
1.11.192.0/23,8393794,1835841,,0,0,,37.4461,126.8652,20
1.11.194.0/23,1835848,1835841,,0,0,,37.5985,126.9783,20
1.11.196.0/22,8393794,1835841,,0,0,,37.4461,126.8652,20
1.11.200.0/21,1838716,1835841,,0,0,,37.4988,126.7827,20
1.11.208.0/20,1835841,1835841,,0,0,,37.5112,126.9741,200
1.11.224.0/21,1835841,1835841,,0,0,,37.5112,126.9741,200
1.11.232.0/22,1842936,1835841,,0,0,,37.6742,126.6220,10
1.11.236.0/24,1842936,1835841,,0,0,,37.6200,126.7181,10
1.11.237.0/24,1842936,1835841,,0,0,,37.6742,126.6220,10
1.11.238.0/23,1842936,1835841,,0,0,,37.6742,126.6220,10
1.11.240.0/21,1835841,1835841,,0,0,,37.5112,126.9741,200
1.11.248.0/21,1842936,1835841,,0,0,,37.6200,126.7181,1000
1.12.0.0/14,1816670,1814991,,0,0,,39.9288,116.3889,50
1.16.0.0/14,1835841,1835841,,0,0,,37.5112,126.9741,200
1.20.0.0/21,1611110,1605651,,0,0,20000,13.1604,101.1083,100
1.20.8.0/21,1611110,1605651,,0,0,20000,13.1604,101.1083,1
1.20.16.0/21,1611110,1605651,,0,0,20000,13.1604,101.1083,100
1.20.24.0/21,1611110,1605651,,0,0,20000,13.1604,101.1083,500
1.20.32.0/22,1611110,1605651,,0,0,20000,13.1604,101.1083,1
1.20.36.0/22,1608133,1605651,,0,0,11120,13.9181,100.4974,100
1.20.40.0/24,1611110,1605651,,0,0,20000,13.1604,101.1083,500
1.20.41.0/24,1605651,1605651,,0,0,,13.7500,100.4667,500
1.20.42.0/23,1605651,1605651,,0,0,,13.7500,100.4667,500
1.20.44.0/23,1605651,1605651,,0,0,,13.7500,100.4667,500
1.20.46.0/24,1611110,1605651,,0,0,20000,13.1604,101.1083,1
1.20.47.0/24,1605651,1605651,,0,0,,13.7500,100.4667,500
1.20.48.0/21,1611110,1605651,,0,0,20000,13.1604,101.1083,100
1.20.56.0/21,1605651,1605651,,0,0,,13.7500,100.4667,500
1.20.64.0/21,1605651,1605651,,0,0,,13.7500,100.4667,500
1.20.72.0/23,1619415,1605651,,0,0,73130,14.0167,100.1667,50
1.20.74.0/23,1606588,1605651,,0,0,74000,13.5333,100.2833,100
1.20.76.0/23,1153081,1605651,,0,0,71180,14.0866,99.5509,100
1.20.78.0/24,1606588,1605651,,0,0,74000,13.5333,100.2833,100
1.20.79.0/24,1153081,1605651,,0,0,71180,14.0866,99.5509,100
1.20.80.0/22,1605651,1605651,,0,0,,13.7500,100.4667,500
1.20.84.0/23,1605651,1605651,,0,0,,13.7500,100.4667,500
1.20.86.0/23,1608452,1605651,,0,0,55000,18.7833,100.7833,1000
1.20.88.0/24,1604769,1605651,,0,0,35120,15.6633,104.3067,1000
1.20.89.0/24,1605651,1605651,,0,0,,13.7500,100.4667,500
1.20.90.0/23,1605651,1605651,,0,0,,13.7500,100.4667,500
1.20.92.0/24,1609350,1605651,,0,0,12000,14.0435,100.6421,20
1.20.93.0/24,1605651,1605651,,0,0,,13.7500,100.4667,500
1.20.94.0/23,1605651,1605651,,0,0,,13.7500,100.4667,500
1.20.96.0/21,1605651,1605651,,0,0,,13.7500,100.4667,500
1.20.104.0/22,1609350,1605651,,0,0,10230,13.7540,100.5014,100
1.20.108.0/23,1609350,1605651,,0,0,10120,13.7086,100.4553,20
1.20.110.0/23,1152468,1605651,,0,0,51000,18.5811,99.0092,200
1.20.112.0/22,1153671,1605651,,0,0,50130,18.7422,99.1225,1000
1.20.116.0/22,1605651,1605651,,0,0,,13.7500,100.4667,500
1.20.120.0/21,1605651,1605651,,0,0,,13.7500,100.4667,500
1.20.128.0/22,1150965,1605651,,0,0,85000,9.9667,98.6333,1000
1.20.132.0/22,1609350,1605651,,0,0,10310,13.7877,100.5068,20
1.20.136.0/21,1605651,1605651,,0,0,,13.7500,100.4667,500
1.20.144.0/23,1605651,1605651,,0,0,,13.7500,100.4667,500
1.20.146.0/24,1607779,1605651,,0,0,93000,7.4944,100.0583,1000
1.20.147.0/24,1605651,1605651,,0,0,,13.7500,100.4667,500
1.20.148.0/22,1605651,1605651,,0,0,,13.7500,100.4667,500
1.20.152.0/21,1615306,1605651,,0,0,41150,17.1336,102.9675,200
1.20.160.0/21,1607978,1605651,,0,0,94170,6.8453,101.1881,1000
1.20.168.0/22,1605239,1605651,,0,0,41000,17.1336,102.9675,1000
1.20.172.0/24,1611439,1605651,,0,0,24140,13.6000,101.0833,1000
1.20.173.0/24,1608534,1605651,,0,0,73140,13.8667,100.1917,1000
1.20.174.0/23,1608534,1605651,,0,0,73140,13.8667,100.1917,1000
1.20.176.0/21,1605651,1605651,,0,0,,13.7500,100.4667,500
1.20.184.0/24,1607017,1605651,,0,0,21130,12.7167,101.0667,1000
1.20.185.0/24,1609350,1605651,,0,0,10290,13.8594,100.4775,1000
1.20.186.0/23,1609350,1605651,,0,0,10290,13.8594,100.4775,1000
1.20.188.0/22,1609350,1605651,,0,0,10290,13.8594,100.4775,1000
1.20.192.0/24,1158432,1605651,,0,0,75110,13.4167,99.9500,100
1.20.193.0/24,1605651,1605651,,0,0,,13.7500,100.4667,500
1.20.194.0/23,1605279,1605651,,0,0,23000,12.2131,102.5776,200
1.20.196.0/23,1617580,1605651,,0,0,,14.7333,100.6833,100
1.20.198.0/23,1605651,1605651,,0,0,,13.7500,100.4667,500
1.20.200.0/24,1605651,1605651,,0,0,,13.7500,100.4667,500
1.20.201.0/25,1605651,1605651,,0,0,,13.7500,100.4667,500
1.20.201.128/25,1152473,1605651,,0,0,52130,18.1900,99.3928,1
1.20.202.0/23,1605651,1605651,,0,0,,13.7500,100.4667,500
1.20.204.0/22,1611439,1605651,,0,0,24140,13.6000,101.0833,100
1.20.208.0/22,1608534,1605651,,0,0,73110,13.7167,100.2167,20
1.20.212.0/22,1152473,1605651,,0,0,52000,18.2983,99.5072,1000
1.20.216.0/21,1605651,1605651,,0,0,,13.7500,100.4667,500
1.20.224.0/21,1606147,1605651,,0,0,90000,7.1988,100.5951,100
1.20.232.0/22,1606030,1605651,,0,0,,14.8818,103.4936,1000
1.20.236.0/22,1605651,1605651,,0,0,,13.7500,100.4667,500
1.20.240.0/22,1609350,1605651,,0,0,10250,13.8594,100.4775,20
1.20.244.0/24,1609350,1605651,,0,0,10520,13.7167,100.7833,100
1.20.245.0/24,1607017,1605651,,0,0,21140,12.9667,101.2167,100
1.20.246.0/23,1609350,1605651,,0,0,10520,13.7167,100.7833,100
1.20.248.0/22,1609350,1605651,,0,0,10400,13.7618,100.5324,20
1.20.252.0/23,1609350,1605651,,0,0,10400,13.7618,100.5324,20
1.20.254.0/23,1609350,1605651,,0,0,10250,13.8594,100.4775,20
1.21.0.0/21,1861060,1861060,,0,0,,35.6900,139.6900,500
1.21.8.0/22,1862415,1861060,,0,0,734-0001,34.3779,132.4763,500
1.21.12.0/23,1862415,1861060,,0,0,734-0001,34.3779,132.4763,500
1.21.14.0/24,1856950,1861060,,0,0,108-0073,35.6363,139.7303,500
1.21.15.0/24,1862415,1861060,,0,0,734-0001,34.3779,132.4763,500
1.21.16.0/22,1863967,1861060,,0,0,810-0045,33.5802,130.3742,200
1.21.20.0/22,1861060,1861060,,0,0,,35.6900,139.6900,500
1.21.24.0/21,1861060,1861060,,0,0,,35.6900,139.6900,500
1.21.32.0/20,1861060,1861060,,0,0,,35.6900,139.6900,500
1.21.48.0/21,1861060,1861060,,0,0,,35.6900,139.6900,500
1.21.56.0/21,1857910,1861060,,0,0,600-8083,34.9500,135.8167,500
1.21.64.0/20,1861060,1861060,,0,0,,35.6900,139.6900,500
1.21.80.0/21,1861060,1861060,,0,0,,35.6900,139.6900,500
1.21.88.0/21,11611632,1861060,,0,0,183-0031,35.6922,139.7178,10
1.21.96.0/25,1856057,1861060,,0,0,460-0008,35.1655,136.9045,50
1.21.96.128/25,1858665,1861060,,0,0,135-0023,35.6775,139.8016,50
1.21.97.0/24,1856057,1861060,,0,0,460-0008,35.1655,136.9045,50
1.21.98.0/23,1859779,1861060,,0,0,124-0001,35.7535,139.8216,10
1.21.100.0/22,10865975,1861060,,0,0,162-0824,35.7024,139.7430,20
1.21.104.0/23,1848354,1861060,,0,0,221-0073,35.4865,139.6362,1000
1.21.106.0/23,9290081,1861060,,0,0,666-0202,34.9815,135.3317,1
1.21.108.0/23,1850147,1861060,,0,0,102-0082,35.6882,139.7532,20
1.21.110.0/24,1859924,1861060,,0,0,277-0803,35.9149,139.9553,20
1.21.111.0/24,1850147,1861060,,0,0,102-0082,35.6882,139.7532,20
1.21.112.0/24,1850147,1861060,,0,0,102-0082,35.6882,139.7532,200
1.21.113.0/25,1848354,1861060,,0,0,230-0062,35.5121,139.6759,200
1.21.113.128/25,1850147,1861060,,0,0,102-0082,35.6882,139.7532,200
1.21.114.0/23,1850147,1861060,,0,0,102-0082,35.6882,139.7532,200
1.21.116.0/24,1850147,1861060,,0,0,102-0082,35.6882,139.7532,1
1.21.117.0/24,1859884,1861060,,0,0,344-0021,35.9482,139.7650,50
1.21.118.0/23,6940394,1861060,,0,0,330-0073,35.8725,139.6516,50
1.21.120.0/21,1861060,1861060,,0,0,,35.6900,139.6900,500
1.21.128.0/24,1850147,1861060,,0,0,103-0012,35.6882,139.7802,200
1.21.129.0/25,1850147,1861060,,0,0,103-0012,35.6882,139.7802,200
1.21.129.128/25,1907299,1861060,,0,0,351-0023,35.8034,139.5890,200
1.21.130.0/24,11611609,1861060,,0,0,252-0242,35.5653,139.3655,200
1.21.131.0/24,6822159,1861060,,0,0,356-0056,35.8556,139.5207,200
1.21.132.0/24,1857553,1861060,,0,0,270-0006,35.8379,139.9191,200
1.21.133.0/24,1857910,1861060,,0,0,600-8083,34.9500,135.8167,200
1.21.134.0/24,1850147,1861060,,0,0,103-0012,35.6882,139.7802,200
1.21.135.0/25,1850147,1861060,,0,0,103-0012,35.6882,139.7802,200
1.21.135.128/25,1853909,1861060,,0,0,556-0016,34.6622,135.4960,200
1.21.136.0/23,6822096,1861060,,0,0,312-0057,36.4090,140.5406,100
1.21.138.0/24,7417702,1861060,,0,0,511-0204,34.6567,136.4381,200
1.21.139.0/24,1859730,1861060,,0,0,332-0016,35.8063,139.7198,200
1.21.140.0/22,1857140,1861060,,0,0,116-0003,35.7350,139.7981,50
1.21.144.0/24,1863966,1861060,,0,0,490-1400,34.9000,137.1500,100
1.21.145.0/24,1865294,1861060,,0,0,444-0000,34.9500,137.0833,100
1.21.146.0/23,1863966,1861060,,0,0,490-1400,34.9000,137.1500,100
1.21.148.0/22,1865750,1861060,,0,0,120-0015,35.7632,139.8076,50
1.21.152.0/21,1861060,1861060,,0,0,,35.6900,139.6900,500
1.21.160.0/21,1861060,1861060,,0,0,,35.6900,139.6900,500
1.21.168.0/23,1848354,1861060,,0,0,222-0032,35.5141,139.6237,20
1.21.170.0/25,6822134,1861060,,0,0,205-0023,35.6868,139.6620,20
1.21.170.128/25,1857871,1861060,,0,0,194-0013,35.5418,139.4509,20
1.21.171.0/24,1848354,1861060,,0,0,222-0032,35.5141,139.6237,20
1.21.172.0/23,1850147,1861060,,0,0,104-0041,35.6725,139.7737,5
1.21.174.0/23,11790394,1861060,,0,0,178-0063,35.7468,139.5863,20
1.21.176.0/20,1861060,1861060,,0,0,,35.6900,139.6900,500
1.21.192.0/21,1861060,1861060,,0,0,,35.6900,139.6900,500
1.21.200.0/23,1851259,1861060,,0,0,454-0842,34.6500,137.2000,500
1.21.202.0/24,1848354,1861060,,0,0,231-0013,35.4393,139.6061,500
1.21.203.0/24,1849845,1861060,,0,0,463-0000,34.8167,137.4000,500
1.21.204.0/22,1851259,1861060,,0,0,454-0842,34.6500,137.2000,500
1.21.208.0/20,1861060,1861060,,0,0,,35.6900,139.6900,500
1.21.224.0/19,1861060,1861060,,0,0,,35.6900,139.6900,500
1.22.0.0/21,1278994,1269750,,0,0,211002,25.4500,81.8500,1000
1.22.8.0/22,1275339,1269750,,0,0,400002,18.9721,72.8246,1
1.22.12.0/22,1279233,1269750,,0,0,380006,23.0358,72.6194,20
1.22.16.0/21,1253102,1269750,,0,0,530009,17.7000,83.3000,1
1.22.24.0/22,1270642,1269750,,0,0,122001,28.4666,77.0309,1000
1.22.28.0/23,1270642,1269750,,0,0,122001,28.4666,77.0309,1000
1.22.30.0/24,1270642,1269750,,0,0,122001,28.4666,77.0309,1000
1.22.31.0/24,1254661,1269750,,0,0,400607,19.2000,72.9667,1000
1.22.32.0/22,1273294,1269750,,0,0,110007,28.6690,77.2220,20
1.22.36.0/23,1271951,1269750,,0,0,121003,28.4333,77.3167,20
1.22.38.0/24,1271951,1269750,,0,0,121003,28.4333,77.3167,20
1.22.39.0/25,1270642,1269750,,0,0,122001,28.4666,77.0309,20
1.22.39.128/25,1271951,1269750,,0,0,121003,28.4333,77.3167,20
1.22.40.0/23,1253405,1269750,,0,0,221010,25.3333,83.0000,1000
1.22.42.0/24,1275339,1269750,,0,0,400002,18.9721,72.8246,1000
1.22.43.0/24,1254661,1269750,,0,0,400607,19.2000,72.9667,20
1.22.44.0/24,1275339,1269750,,0,0,400026,18.9721,72.8246,500
1.22.45.0/24,1264527,1269750,,0,0,600012,13.0843,80.2805,500
1.22.46.0/23,1264527,1269750,,0,0,600012,13.0843,80.2805,500
1.22.48.0/23,1277333,1269750,,0,0,560004,12.9833,77.5833,1000
1.22.50.0/23,1275339,1269750,,0,0,400002,18.9721,72.8246,100
1.22.52.0/22,1275339,1269750,,0,0,400002,18.9721,72.8246,100
1.22.56.0/21,1267995,1269750,,0,0,208006,26.4631,80.3479,100
1.22.64.0/21,1277333,1269750,,0,0,560067,12.9833,77.5833,500
1.22.72.0/23,1264733,1269750,,0,0,226005,26.8509,80.9160,1
1.22.74.0/23,1277333,1269750,,0,0,560004,12.9833,77.5833,500
1.22.76.0/22,1253405,1269750,,0,0,221001,25.3333,83.0000,1000
1.22.80.0/24,1269750,1269750,,0,0,,20.0000,77.0000,1000
1.22.81.0/25,1253573,1269750,,0,0,390007,22.3000,73.2000,1
1.22.81.128/25,1269750,1269750,,0,0,,20.0000,77.0000,1000
1.22.82.0/23,1253573,1269750,,0,0,390008,22.3000,73.2000,1
1.22.84.0/22,1269750,1269750,,0,0,,20.0000,77.0000,1000
1.22.88.0/22,1261481,1269750,,0,0,110019,28.6014,77.1989,10
1.22.92.0/22,1269439,1269750,,0,0,396421,20.9670,72.8976,1
1.22.96.0/22,1258847,1269750,,0,0,360004,22.3000,70.7833,20
1.22.100.0/23,1275339,1269750,,0,0,400002,18.9721,72.8246,50
1.22.102.0/24,1275339,1269750,,0,0,400010,18.9721,72.8246,1
1.22.103.0/24,1277333,1269750,,0,0,560056,12.9833,77.5833,100
1.22.104.0/24,1275339,1269750,,0,0,400002,18.9721,72.8246,1000
1.22.105.0/24,1254661,1269750,,0,0,400080,19.2000,72.9667,20
1.22.106.0/24,1260730,1269750,,0,0,401405,19.6833,72.7500,100
1.22.107.0/24,1275339,1269750,,0,0,400002,18.9721,72.8246,100
1.22.108.0/23,1275339,1269750,,0,0,400002,18.9721,72.8246,1
1.22.110.0/23,1279233,1269750,,0,0,382330,23.0358,72.6194,1
1.22.112.0/23,1275841,1269750,,0,0,464993,23.2667,77.4000,20
1.22.114.0/23,1268295,1269750,,0,0,421306,19.2500,73.1500,20
1.22.116.0/24,1275339,1269750,,0,0,400002,18.9721,72.8246,20
1.22.117.0/24,8051055,1269750,,0,0,500033,17.4334,78.4111,1000
1.22.118.0/23,1269743,1269750,,0,0,452002,22.7165,75.8307,1
1.22.120.0/22,1267995,1269750,,0,0,208002,26.4631,80.3479,500
1.22.124.0/24,1259229,1269750,,0,0,411033,18.5332,73.8626,500
1.22.125.0/24,1267995,1269750,,0,0,208002,26.4631,80.3479,500
1.22.126.0/23,1267995,1269750,,0,0,208002,26.4631,80.3479,500
1.22.128.0/24,1270642,1269750,,0,0,122001,28.4666,77.0309,1
1.22.129.0/24,1267708,1269750,,0,0,132145,29.6833,76.9833,100
1.22.130.0/23,1270642,1269750,,0,0,122004,28.4666,77.0309,1000
1.22.132.0/22,1267995,1269750,,0,0,208024,26.4631,80.3479,1
1.22.136.0/22,1264733,1269750,,0,0,226016,26.8509,80.9160,1000
1.22.140.0/22,1279233,1269750,,0,0,380002,23.0358,72.6194,20
1.22.144.0/23,1277333,1269750,,0,0,560067,12.9833,77.5833,50
1.22.146.0/24,1277333,1269750,,0,0,560067,12.9833,77.5833,50
1.22.147.0/25,1277333,1269750,,0,0,560067,12.9833,77.5833,50
1.22.147.128/25,1277333,1269750,,0,0,560004,12.9833,77.5833,50
1.22.148.0/22,1277333,1269750,,0,0,560067,12.9833,77.5833,50
1.22.152.0/23,1264527,1269750,,0,0,600002,13.0843,80.2805,1000
1.22.154.0/23,1264733,1269750,,0,0,226003,26.8509,80.9160,1000
1.22.156.0/22,1264527,1269750,,0,0,600002,13.0843,80.2805,1000
1.22.160.0/21,1273294,1269750,,0,0,110007,28.6690,77.2220,20
1.22.168.0/22,1270642,1269750,,0,0,122001,28.4666,77.0309,20
1.22.172.0/23,1264527,1269750,,0,0,600042,13.0843,80.2805,1
1.22.174.0/23,1270642,1269750,,0,0,122004,28.4666,77.0309,1000
1.22.176.0/22,1259229,1269750,,0,0,411033,18.5332,73.8626,500
1.22.180.0/23,1259229,1269750,,0,0,411033,18.5332,73.8626,500
1.22.182.0/24,1262180,1269750,,0,0,440018,21.1500,79.1000,500
1.22.183.0/24,1259229,1269750,,0,0,411033,18.5332,73.8626,500
1.22.184.0/21,1269750,1269750,,0,0,,20.0000,77.0000,1000
1.22.192.0/21,1279259,1269750,,0,0,282001,27.1833,78.0167,1000
1.22.200.0/21,1273294,1269750,,0,0,110007,28.6690,77.2220,200
1.22.208.0/22,1269633,1269750,,0,0,482001,23.1667,79.9500,20
1.22.212.0/24,1271308,1269750,,0,0,201002,28.6667,77.4333,20
1.22.213.0/24,1261481,1269750,,0,0,110043,28.6014,77.1989,20
1.22.214.0/23,1261481,1269750,,0,0,110043,28.6014,77.1989,20
1.22.216.0/23,1273294,1269750,,0,0,110007,28.6690,77.2220,20
1.22.218.0/24,6954929,1269750,,0,0,201311,28.4962,77.5360,20
1.22.219.0/24,1261481,1269750,,0,0,110043,28.6014,77.1989,10
1.22.220.0/24,1273294,1269750,,0,0,110007,28.6690,77.2220,10
1.22.221.0/24,1270642,1269750,,0,0,122004,28.4666,77.0309,10
1.22.222.0/23,1273294,1269750,,0,0,110054,28.6690,77.2220,10
1.22.224.0/22,1275339,1269750,,0,0,400027,18.9721,72.8246,1000
1.22.228.0/23,1275339,1269750,,0,0,400027,18.9721,72.8246,1000
1.22.230.0/24,1277333,1269750,,0,0,560057,12.9833,77.5833,1000
1.22.231.0/24,1259229,1269750,,0,0,411030,18.5332,73.8626,1000
1.22.232.0/21,1269439,1269750,,0,0,396421,20.9670,72.8976,500
1.22.240.0/22,1278994,1269750,,0,0,211002,25.4500,81.8500,1
1.22.244.0/23,6954929,1269750,,0,0,201310,28.4962,77.5360,500
1.22.246.0/23,1261481,1269750,,0,0,110043,28.6014,77.1989,20
1.22.248.0/23,1269750,1269750,,0,0,,20.0000,77.0000,1000
1.22.250.0/23,1263214,1269750,,0,0,250002,28.9833,77.7000,50
1.22.252.0/22,1258980,1269750,,0,0,492008,21.2333,81.6333,1
1.23.0.0/24,1263214,1269750,,0,0,250002,28.9833,77.7000,1000
1.23.1.0/24,1273865,1269750,,0,0,641012,10.9910,76.9667,1000
1.23.2.0/23,1253102,1269750,,0,0,530009,17.7000,83.3000,1000
1.23.4.0/23,1269515,1269750,,0,0,302012,26.9167,75.8167,1000
1.23.6.0/23,1263214,1269750,,0,0,250002,28.9833,77.7000,1000
1.23.8.0/21,1277333,1269750,,0,0,560058,12.9833,77.5833,20
1.23.16.0/21,1264527,1269750,,0,0,600008,13.0843,80.2805,200
1.23.24.0/22,1264527,1269750,,0,0,600001,13.0843,80.2805,1
1.23.28.0/23,1262180,1269750,,0,0,440001,21.1500,79.1000,500
1.23.30.0/24,1258847,1269750,,0,0,360004,22.3000,70.7833,500
1.23.31.0/24,1262180,1269750,,0,0,440001,21.1500,79.1000,500
1.23.32.0/23,1279259,1269750,,0,0,282007,27.1833,78.0167,1000
1.23.34.0/24,1279259,1269750,,0,0,282007,27.1833,78.0167,1000
1.23.35.0/24,1253573,1269750,,0,0,390007,22.3000,73.2000,1000
1.23.36.0/23,10337443,1269750,,0,0,,18.9917,79.7954,1000
1.23.38.0/23,1279259,1269750,,0,0,282007,27.1833,78.0167,1000
1.23.40.0/22,1270642,1269750,,0,0,122004,28.4666,77.0309,20
1.23.44.0/23,1254661,1269750,,0,0,400610,19.2000,72.9667,20
1.23.46.0/24,1275339,1269750,,0,0,400703,19.0368,73.0158,1000
1.23.47.0/24,1259229,1269750,,0,0,411007,18.5332,73.8626,1
1.23.48.0/24,1259229,1269750,,0,0,411007,18.5332,73.8626,500
1.23.49.0/24,7279746,1269750,,0,0,110091,28.5735,77.3208,500
1.23.50.0/23,1259229,1269750,,0,0,411007,18.5332,73.8626,500
1.23.52.0/24,1271951,1269750,,0,0,121003,28.4333,77.3167,20
1.23.53.0/25,1261481,1269750,,0,0,110043,28.6014,77.1989,20
1.23.53.128/25,1271951,1269750,,0,0,121003,28.4333,77.3167,20
1.23.54.0/23,7279746,1269750,,0,0,110091,28.5735,77.3208,20
1.23.56.0/24,6954929,1269750,,0,0,201311,28.4962,77.5360,1000
1.23.57.0/26,1275339,1269750,,0,0,400024,18.9721,72.8246,1000
1.23.57.64/26,1275339,1269750,,0,0,400002,18.9721,72.8246,1000
1.23.57.128/25,1275339,1269750,,0,0,400002,18.9721,72.8246,1000
1.23.58.0/23,1275339,1269750,,0,0,400024,18.9721,72.8246,1000
1.23.60.0/23,1261481,1269750,,0,0,110043,28.6014,77.1989,20
1.23.62.0/23,1277333,1269750,,0,0,560004,12.9833,77.5833,1
1.23.64.0/21,1279259,1269750,,0,0,282007,27.1833,78.0167,1000
1.23.72.0/22,1264527,1269750,,0,0,600042,13.0843,80.2805,1
1.23.76.0/23,1259229,1269750,,0,0,411001,18.5332,73.8626,1
1.23.78.0/25,1275339,1269750,,0,0,400703,19.0368,73.0158,20
1.23.78.128/25,1275339,1269750,,0,0,400002,18.9721,72.8246,20
1.23.79.0/25,1275339,1269750,,0,0,400002,18.9721,72.8246,20
1.23.79.128/25,1254661,1269750,,0,0,400615,19.2000,72.9667,20
1.23.80.0/22,1275339,1269750,,0,0,400012,18.9721,72.8246,50
1.23.84.0/23,1275339,1269750,,0,0,400002,18.9721,72.8246,50
1.23.86.0/23,1279233,1269750,,0,0,382330,23.0358,72.6194,1
1.23.88.0/23,1275339,1269750,,0,0,400002,18.9721,72.8246,20
1.23.90.0/24,1275339,1269750,,0,0,400002,18.9721,72.8246,20
1.23.91.0/24,1275339,1269750,,0,0,400703,19.0368,73.0158,20
1.23.92.0/22,1275339,1269750,,0,0,400002,18.9721,72.8246,20
1.23.96.0/22,1258847,1269750,,0,0,360004,22.3000,70.7833,1000
1.23.100.0/23,1271308,1269750,,0,0,201002,28.6667,77.4333,20
1.23.102.0/23,1273294,1269750,,0,0,110007,28.6690,77.2220,20
1.23.104.0/24,1436716,1269750,,0,0,132037,29.6161,76.9806,100
1.23.105.0/24,1273294,1269750,,0,0,110007,28.6690,77.2220,1000
1.23.106.0/24,1261481,1269750,,0,0,110012,28.6014,77.1989,20
1.23.107.0/24,1270642,1269750,,0,0,122001,28.4666,77.0309,1000
1.23.108.0/22,1273294,1269750,,0,0,110007,28.6690,77.2220,500
1.23.112.0/23,1271951,1269750,,0,0,121003,28.4333,77.3167,100
1.23.114.0/23,6954929,1269750,,0,0,201311,28.4962,77.5360,50
1.23.116.0/22,1261481,1269750,,0,0,110012,28.6014,77.1989,20
1.23.120.0/22,1258342,1269750,,0,0,457001,23.3167,75.0667,1000
1.23.124.0/23,1258847,1269750,,0,0,360004,22.3000,70.7833,1
1.23.126.0/23,1269750,1269750,,0,0,,20.0000,77.0000,1000
1.23.128.0/23,1269515,1269750,,0,0,302001,26.9167,75.8167,500
1.23.130.0/23,1269743,1269750,,0,0,452001,22.7165,75.8307,500
1.23.132.0/22,1269743,1269750,,0,0,452001,22.7165,75.8307,500
1.23.136.0/22,1279233,1269750,,0,0,380002,23.0358,72.6194,20
1.23.140.0/23,1279233,1269750,,0,0,380001,23.0358,72.6194,1
1.23.142.0/25,1253405,1269750,,0,0,221003,25.3333,83.0000,500
1.23.142.128/25,1273294,1269750,,0,0,110007,28.6690,77.2220,500
1.23.143.0/24,1253405,1269750,,0,0,221003,25.3333,83.0000,500
1.23.144.0/23,1277333,1269750,,0,0,560004,12.9833,77.5833,1
1.23.146.0/23,1267995,1269750,,0,0,208002,26.4631,80.3479,100
1.23.148.0/23,1259229,1269750,,0,0,411037,18.5332,73.8626,100
1.23.150.0/24,1259229,1269750,,0,0,411037,18.5332,73.8626,100
1.23.151.0/25,1259229,1269750,,0,0,411037,18.5332,73.8626,100
1.23.151.128/26,1259229,1269750,,0,0,411037,18.5332,73.8626,100
1.23.151.192/26,1259229,1269750,,0,0,411007,18.5332,73.8626,100
1.23.152.0/25,1275004,1269750,,0,0,700006,22.5720,88.3670,5
1.23.152.128/25,1270396,1269750,,0,0,700070,22.5892,88.3103,5
1.23.153.0/24,1275004,1269750,,0,0,700019,22.5720,88.3670,5
1.23.154.0/23,1275004,1269750,,0,0,700059,22.5720,88.3670,5
1.23.156.0/22,1270396,1269750,,0,0,700070,22.5892,88.3103,5
1.23.160.0/24,1275004,1269750,,0,0,700019,22.5720,88.3670,1000
1.23.161.0/25,1275004,1269750,,0,0,700019,22.5720,88.3670,1000
1.23.161.128/26,1275004,1269750,,0,0,700019,22.5720,88.3670,1000
1.23.161.192/26,1275004,1269750,,0,0,700059,22.5720,88.3670,1000
1.23.162.0/24,1259229,1269750,,0,0,411001,18.5332,73.8626,100
1.23.163.0/25,1259229,1269750,,0,0,411001,18.5332,73.8626,100
1.23.163.128/26,1259229,1269750,,0,0,411007,18.5332,73.8626,100
1.23.163.192/26,1259229,1269750,,0,0,411001,18.5332,73.8626,100
1.23.164.0/22,1275841,1269750,,0,0,464993,23.2667,77.4000,500
1.23.168.0/22,1270396,1269750,,0,0,700070,22.5892,88.3103,1000
1.23.172.0/23,1270396,1269750,,0,0,700070,22.5892,88.3103,1000
1.23.174.0/24,1277333,1269750,,0,0,560067,12.9833,77.5833,1000
1.23.175.0/24,1270396,1269750,,0,0,700070,22.5892,88.3103,1000
1.23.176.0/21,1269750,1269750,,0,0,,20.0000,77.0000,1000
1.23.184.0/22,1279259,1269750,,0,0,282010,27.1833,78.0167,200
1.23.188.0/23,1258847,1269750,,0,0,360004,22.3000,70.7833,200
1.23.190.0/24,1279259,1269750,,0,0,282010,27.1833,78.0167,200
1.23.191.0/24,1269633,1269750,,0,0,482002,23.1667,79.9500,200
1.23.192.0/23,1269743,1269750,,0,0,452001,22.7165,75.8307,1
1.23.194.0/23,1259229,1269750,,0,0,411001,18.5332,73.8626,50
1.23.196.0/24,1259229,1269750,,0,0,411001,18.5332,73.8626,10
1.23.197.0/24,1275339,1269750,,0,0,400002,18.9721,72.8246,20
1.23.198.0/23,1279233,1269750,,0,0,380006,23.0358,72.6194,20
1.23.200.0/22,1269750,1269750,,0,0,,20.0000,77.0000,1000
1.23.204.0/23,1269750,1269750,,0,0,,20.0000,77.0000,1000
1.23.206.0/23,1264527,1269750,,0,0,600001,13.0843,80.2805,1
1.23.208.0/22,1259229,1269750,,0,0,411006,18.5332,73.8626,5
1.23.212.0/24,1275339,1269750,,0,0,400012,18.9721,72.8246,20
1.23.213.0/26,1275339,1269750,,0,0,400012,18.9721,72.8246,20
1.23.213.64/27,1275339,1269750,,0,0,400012,18.9721,72.8246,20
1.23.213.96/27,1275339,1269750,,0,0,400002,18.9721,72.8246,20
1.23.213.128/25,1275339,1269750,,0,0,400012,18.9721,72.8246,20
1.23.214.0/23,1275339,1269750,,0,0,400012,18.9721,72.8246,20
1.23.216.0/24,1261481,1269750,,0,0,110043,28.6014,77.1989,20
1.23.217.0/24,1270642,1269750,,0,0,122001,28.4666,77.0309,20
1.23.218.0/23,1261481,1269750,,0,0,110043,28.6014,77.1989,20
1.23.220.0/22,1275841,1269750,,0,0,464993,23.2667,77.4000,10
1.23.224.0/22,1259229,1269750,,0,0,411007,18.5332,73.8626,10
1.23.228.0/23,1264733,1269750,,0,0,226003,26.8509,80.9160,1
1.23.230.0/23,1259229,1269750,,0,0,411030,18.5332,73.8626,100
1.23.232.0/25,1269515,1269750,,0,0,302006,26.9167,75.8167,1000
1.23.232.128/25,1264733,1269750,,0,0,226002,26.8509,80.9160,1000
1.23.233.0/24,1264733,1269750,,0,0,226002,26.8509,80.9160,1000
1.23.234.0/23,1258980,1269750,,0,0,492013,21.2333,81.6333,100
1.23.236.0/22,1259229,1269750,,0,0,411002,18.5332,73.8626,100
1.23.240.0/22,10524202,1269750,,0,0,500030,17.3341,78.3925,500
1.23.244.0/22,1269743,1269750,,0,0,452001,22.7165,75.8307,100
1.23.248.0/22,1275339,1269750,,0,0,400002,18.9721,72.8246,50
1.23.252.0/23,1259229,1269750,,0,0,411001,18.5332,73.8626,100
1.23.254.0/24,1269515,1269750,,0,0,302006,26.9167,75.8167,100
1.23.255.0/26,1253405,1269750,,0,0,221010,25.3333,83.0000,100
1.23.255.64/26,1253405,1269750,,0,0,232101,25.3333,83.0000,100
1.23.255.128/25,1253405,1269750,,0,0,221010,25.3333,83.0000,100
1.24.0.0/16,2035607,1814991,,0,0,,40.6522,109.8222,50
1.25.0.0/19,2035607,1814991,,0,0,,40.6522,109.8222,50
1.25.32.0/20,2035607,1814991,,0,0,,40.6522,109.8222,50
1.25.48.0/21,2038432,1814991,,0,0,,40.6522,109.8222,1
1.25.56.0/21,8347664,1814991,,0,0,,39.6000,109.7833,100
1.25.64.0/20,2038432,1814991,,0,0,,40.6522,109.8222,1
1.25.80.0/20,2035607,1814991,,0,0,,40.6522,109.8222,50
1.25.96.0/19,2036892,1814991,,0,0,,40.8106,111.6522,200
1.25.128.0/17,2035607,1814991,,0,0,,40.6522,109.8222,50
1.26.0.0/17,2038067,1814991,,0,0,,42.2683,118.9636,1
1.26.128.0/17,2036892,1814991,,0,0,,40.8106,111.6522,500
1.27.0.0/18,2036892,1814991,,0,0,,40.8106,111.6522,200
1.27.64.0/18,1816670,1814991,,0,0,,39.9288,116.3889,1
1.27.128.0/17,2035607,1814991,,0,0,,40.6522,109.8222,50
1.28.0.0/17,2035607,1814991,,0,0,,40.6522,109.8222,50
1.28.128.0/18,2035607,1814991,,0,0,,40.6522,109.8222,50
1.28.192.0/19,2038432,1814991,,0,0,,40.6522,109.8222,100
1.28.224.0/19,2035607,1814991,,0,0,,40.6522,109.8222,50
1.29.0.0/17,2038067,1814991,,0,0,,42.2683,118.9636,1
1.29.128.0/17,2035607,1814991,,0,0,,40.6522,109.8222,50
1.30.0.0/21,2036892,1814991,,0,0,,40.8106,111.6522,1
1.30.8.0/21,2035607,1814991,,0,0,,40.6522,109.8222,50
1.30.16.0/20,2035607,1814991,,0,0,,40.6522,109.8222,50
1.30.32.0/19,2035607,1814991,,0,0,,40.6522,109.8222,50
1.30.64.0/18,2035607,1814991,,0,0,,40.6522,109.8222,50
1.30.128.0/19,2035607,1814991,,0,0,,40.6522,109.8222,50
1.30.160.0/20,2035607,1814991,,0,0,,40.6522,109.8222,50
1.30.176.0/21,2035607,1814991,,0,0,,40.6522,109.8222,50
1.30.184.0/22,2035607,1814991,,0,0,,40.6522,109.8222,50
1.30.188.0/22,2036892,1814991,,0,0,,40.8106,111.6522,1
1.30.192.0/18,2035607,1814991,,0,0,,40.6522,109.8222,50
1.31.0.0/19,2035607,1814991,,0,0,,40.6522,109.8222,50
1.31.32.0/20,2035607,1814991,,0,0,,40.6522,109.8222,50
1.31.48.0/20,2036892,1814991,,0,0,,40.8106,111.6522,200
1.31.64.0/19,1792947,1814991,,0,0,,39.1423,117.1726,500
1.31.96.0/21,1792947,1814991,,0,0,,39.1423,117.1726,500
1.31.104.0/21,2034937,1814991,,0,0,,41.7806,123.4312,500
1.31.112.0/20,1792947,1814991,,0,0,,39.1423,117.1726,500
1.31.128.0/17,2035607,1814991,,0,0,,40.6522,109.8222,50
1.32.0.0/23,1735166,1733045,,0,0,68100,3.2251,101.6803,1
1.32.2.0/23,1735634,1733045,,0,0,93400,1.6167,110.4407,100
1.32.4.0/23,1735158,1733045,,0,0,47300,3.1071,101.6139,10
1.32.6.0/24,10941913,1733045,,0,0,43000,3.0081,101.7719,5
1.32.7.0/24,1735161,1733045,,0,0,57000,3.1013,101.6915,10
1.32.8.0/24,1735158,1733045,,0,0,47301,3.1065,101.6079,10
1.32.9.0/24,1738294,1733045,,0,0,81800,1.6728,103.6325,20
1.32.10.0/23,1735161,1733045,,0,0,55200,3.1390,101.7060,10
1.32.12.0/23,1732811,1733045,,0,0,86000,1.9226,103.4038,50
1.32.14.0/23,1735158,1733045,,0,0,47810,3.1440,101.5875,5
1.32.16.0/22,1735161,1733045,,0,0,55100,3.1366,101.7172,20
1.32.20.0/23,1733432,1733045,,0,0,88300,5.9479,116.0827,10
1.32.22.0/24,1735102,1733045,,0,0,11960,5.2580,100.2923,20
1.32.23.0/24,1734769,1733045,,0,0,42000,3.0186,101.4286,10
1.32.24.0/25,1735161,1733045,,0,0,50460,3.1365,101.6941,20
1.32.24.128/25,10941913,1733045,,0,0,43000,3.0081,101.7719,20
1.32.25.0/24,1735161,1733045,,0,0,50460,3.1365,101.6941,20
1.32.26.0/24,1735158,1733045,,0,0,46200,3.0832,101.6407,5
1.32.27.0/24,1735158,1733045,,0,0,47810,3.1440,101.5875,10
1.32.28.0/24,1736376,1733045,,0,0,16150,6.0602,102.2341,1
1.32.29.0/24,1732742,1733045,,0,0,81000,1.7259,103.5011,1000
1.32.30.0/24,1735161,1733045,,0,0,50490,3.1443,101.6718,10
1.32.31.0/24,1735634,1733045,,0,0,93250,1.5620,110.3152,10
1.32.32.0/23,1777077,1733045,,0,0,43200,3.0643,101.7543,200
1.32.34.0/24,1733045,1733045,,0,0,,2.5000,112.5000,1000
1.32.35.0/24,1735079,1733045,,0,0,14000,5.3344,100.4673,5
1.32.36.0/24,1732903,1733045,,0,0,40400,3.0457,101.5573,1000
1.32.37.0/24,1735077,1733045,,0,0,13600,5.3769,100.3848,10
1.32.38.0/25,1735161,1733045,,0,0,57000,3.1013,101.6915,100
1.32.38.128/25,1734759,1733045,,0,0,75350,2.2218,102.2585,100
1.32.39.0/24,1734759,1733045,,0,0,75350,2.2218,102.2585,100
1.32.40.0/24,1735161,1733045,,0,0,50050,3.1419,101.6934,1000
1.32.41.0/24,1734634,1733045,,0,0,30250,4.5916,101.0967,5
1.32.42.0/24,1735498,1733045,,0,0,08000,5.6639,100.4902,1000
1.32.43.0/25,1736309,1733045,,0,0,06150,6.1893,100.2859,1000
1.32.43.128/25,1735498,1733045,,0,0,08000,5.6639,100.4902,1000
1.32.44.0/25,1735158,1733045,,0,0,47810,3.1440,101.5875,10
1.32.44.128/25,8535552,1733045,,0,0,68000,3.1549,101.7412,10
1.32.45.0/24,1732903,1733045,,0,0,40150,3.1100,101.5538,10
1.32.46.0/24,1734798,1733045,,0,0,43500,2.9982,101.8017,5
1.32.47.0/25,1744246,1733045,,0,0,43300,3.0384,101.7105,50
1.32.47.128/25,6930887,1733045,,0,0,63100,2.9228,101.6572,10
1.32.48.0/24,1734753,1733045,,0,0,75450,2.2872,102.2759,100
1.32.49.0/24,1738294,1733045,,0,0,81800,1.6728,103.6325,200
1.32.50.0/24,1735227,1733045,,0,0,25676,3.8087,103.3267,100
1.32.51.0/24,1734705,1733045,,0,0,21080,5.3405,103.0754,100
1.32.52.0/25,1734098,1733045,,0,0,89008,5.2650,116.3283,100
1.32.52.128/25,1733432,1733045,,0,0,88450,5.9558,116.0368,100